[0,{"matchInfo":{"startTime":"2016-06-09 09:00:00","mid":"100000:1468531","matchType":"2","matchDesc":"NBA\u5b63\u540e\u8d5b","leftId":"9","leftName":"\u52c7\u58eb","leftBadge":"http:\/\/mat1.gtimg.com\/sports\/nba\/logo\/1602\/9.png","leftGoal":"90","leftHasUrl":"1","rightId":"5","rightName":"\u9a91\u58eb","rightBadge":"http:\/\/mat1.gtimg.com\/sports\/nba\/logo\/1602\/5.png","rightGoal":"120","rightHasUrl":"1","matchPeriod":"2","quarter":"\u7b2c4\u8282","quarterTime":"00:00","liveType":"4","livePeriod":"2"},"liveId":"100209400","matchPic":"http:\/\/inews.gtimg.com\/newsapp_ls\/0\/343401384_1242698\/0","onlineCnt":"19813962","liveIdPictureWord":"40002976","targetId":"1418591201","updateFrequency":"1800","quarterDesc":"\u7b2c4\u8282 00:00","tabSwitchGuess":"1","isPay":"0","roseNewsId":"SPO2016053103702900","programId":"6544","competitionId":"100000","tvLiveId":"100206100","rightSupport":"4413198","leftSupport":"3637647","neuSupport":"221","ifHasVideo":"1"},""]